id,name,model_id:id,group_id:id,perm_read,perm_write,perm_create,perm_unlink
access_cust_type,cust.type,model_cust_type,,1,1,1,1
access_stn_durasi,stn.durasi,model_stn_durasi,,1,1,1,1
access_cust_cust,cust.cust,model_cust_cust,,1,1,1,1
access_lok_doc,lok.doc,model_lok_doc,,1,1,1,1
access_jenis_dok,jenis.dok,model_jenis_dok,,1,1,1,1
access_status_opp,status.opp,model_status_opp,,1,1,1,1
access_priority_priority,priority.priority,model_priority_priority,,1,1,1,1
access_status_peng,status.peng,model_status_peng,,1,1,1,1
access_opp_opp,opp.opp,model_opp_opp,,1,1,1,1
access_file_upload,file.upload,model_file_upload,,1,1,1,1
access_metode_metode,metode.metode,model_metode_metode,,1,1,1,1
access_p_fileupload,p.fileupload,model_p_fileupload,,1,1,1,1